Protein Group,Protein ID,Accession,Significance,-10lgP,Intensity TMT10-126,Intensity TMT10-127N,Intensity TMT10-127C,Intensity TMT10-128N,Intensity TMT10-128C,Intensity TMT10-129N,Intensity TMT10-129C,Intensity TMT10-130N,Intensity TMT10-130C,Intensity TMT10-131,Ratio TMT10-126,Ratio TMT10-127N,Ratio TMT10-127C,Ratio TMT10-128N,Ratio TMT10-128C,Ratio TMT10-129N,Ratio TMT10-129C,Ratio TMT10-130N,Ratio TMT10-130C,Ratio TMT10-131,Intensity 126(TMT10-126),Intensity 127n(TMT10-127N),Intensity 127c(TMT10-127C),Intensity 128n(TMT10-128N),Intensity 128c(TMT10-128C),Intensity 129n(TMT10-129N),Intensity 129c(TMT10-129C),Intensity 130n(TMT10-130N),Intensity 130c(TMT10-130C),Intensity 131(TMT10-131),Ratio 126(TMT10-126),Ratio 127n(TMT10-127N),Ratio 127c(TMT10-127C),Ratio 128n(TMT10-128N),Ratio 128c(TMT10-128C),Ratio 129n(TMT10-129N),Ratio 129c(TMT10-129C),Ratio 130n(TMT10-130N),Ratio 130c(TMT10-130C),Ratio 131(TMT10-131),Coverage (%),#Peptides,#Unique,PTM,Avg. Mass,Description
1,1,P02768|ALBU_HUMAN,0.62,235.71,2.5681E8,2.5256E8,2.5672E8,2.6172E8,2.5662E8,2.5707E8,2.5463E8,2.5112E8,2.5685E8,2.5513E8,1.00,0.98,1.00,1.02,1.00,1.00,0.99,0.98,1.00,0.99,2.5681E8,2.5256E8,2.5672E8,2.6172E8,2.5662E8,2.5707E8,2.5463E8,2.5112E8,2.5685E8,2.5513E8,1.00,0.98,1.00,1.02,1.00,1.00,0.99,0.98,1.00,0.99,91,86,86,Carbamidomethylation; TMT10plex; Oxidation (M); Di-Iodination; Iodination; 5 more,69367,Albumin OS=Homo sapiens OX=9606 GN=ALB PE=1 SV=2
5,2,P02787|TRFE_HUMAN,4.72,197.04,1.6322E7,1.7465E7,1.7747E7,1.6416E7,1.6465E7,1.5247E7,1.6687E7,2.0211E7,1.6334E7,1.6847E7,1.00,1.07,1.09,1.01,1.01,0.93,1.02,1.24,1.00,1.03,1.6322E7,1.7465E7,1.7747E7,1.6416E7,1.6465E7,1.5247E7,1.6687E7,2.0211E7,1.6334E7,1.6847E7,1.00,1.07,1.09,1.01,1.01,0.93,1.02,1.24,1.00,1.03,55,38,38,Carbamidomethylation; TMT10plex; Di-Iodination; Iodination; Mutation,77064,Serotransferrin OS=Homo sapiens OX=9606 GN=TF PE=1 SV=3
7,3,P01024|CO3_HUMAN,4.18,183.99,2.582E6,2.8989E6,2.7118E6,2.328E6,2.2814E6,2.2223E6,2.4437E6,2.7312E6,2.5544E6,2.5746E6,1.00,1.12,1.05,0.90,0.88,0.86,0.95,1.06,0.99,1.00,2.582E6,2.8989E6,2.7118E6,2.328E6,2.2814E6,2.2223E6,2.4437E6,2.7312E6,2.5544E6,2.5746E6,1.00,1.12,1.05,0.90,0.88,0.86,0.95,1.06,0.99,1.00,16,24,24,Carbamidomethylation; TMT10plex; Oxidation (M); Di-Iodination; Iodination; Mutation,187147,Complement C3 OS=Homo sapiens OX=9606 GN=C3 PE=1 SV=2
6,8,P02647|APOA1_HUMAN,7.38,172.56,1.2488E7,1.1732E7,1.1175E7,1.1755E7,1.3841E7,1.5719E7,1.4949E7,1.5541E7,1.4939E7,1.4806E7,1.00,0.94,0.89,0.94,1.11,1.26,1.20,1.24,1.20,1.19,1.2488E7,1.1732E7,1.1175E7,1.1755E7,1.3841E7,1.5719E7,1.4949E7,1.5541E7,1.4939E7,1.4806E7,1.00,0.94,0.89,0.94,1.11,1.26,1.20,1.24,1.20,1.19,76,25,25,TMT10plex; Oxidation (M); Di-Iodination; Iodination; I2+TMT,30778,Apolipoprotein A-I OS=Homo sapiens OX=9606 GN=APOA1 PE=1 SV=1
8,9,P01023|A2MG_HUMAN,3.30,171.74,4.3818E6,4.8013E6,4.6542E6,4.0842E6,4.1347E6,3.964E6,4.6768E6,4.5537E6,4.6595E6,4.774E6,1.00,1.10,1.06,0.93,0.94,0.90,1.07,1.04,1.06,1.09,4.3818E6,4.8013E6,4.6542E6,4.0842E6,4.1347E6,3.964E6,4.6768E6,4.5537E6,4.6595E6,4.774E6,1.00,1.10,1.06,0.93,0.94,0.90,1.07,1.04,1.06,1.09,20,23,23,Carbamidomethylation; TMT10plex; Oxidation (M); Di-Iodination; Iodination,163290,Alpha-2-macroglobulin OS=Homo sapiens OX=9606 GN=A2M PE=1 SV=3
4,4,P0DOX5|IGG1_HUMAN,3.42,162.58,6.6605E6,6.3415E6,5.8205E6,5.9744E6,7.1743E6,7.219E6,6.7478E6,6.5227E6,6.71E6,6.6925E6,1.00,0.95,0.87,0.90,1.08,1.08,1.01,0.98,1.01,1.00,6.6605E6,6.3415E6,5.8205E6,5.9744E6,7.1743E6,7.219E6,6.7478E6,6.5227E6,6.71E6,6.6925E6,1.00,0.95,0.87,0.90,1.08,1.08,1.01,0.98,1.01,1.00,13,18,5,Carbamidomethylation; TMT10plex; Iodination,49329,Immunoglobulin gamma-1 heavy chain OS=Homo sapiens OX=9606 PE=1 SV=2
2,7,P01860|IGHG3_HUMAN,8.02,161.54,2.9111E6,3.4168E6,2.9963E6,2.8564E6,2.6572E6,2.7103E6,2.8364E6,2.2753E6,2.7605E6,2.6317E6,1.00,1.17,1.03,0.98,0.91,0.93,0.97,0.78,0.95,0.90,2.9111E6,3.4168E6,2.9963E6,2.8564E6,2.6572E6,2.7103E6,2.8364E6,2.2753E6,2.7605E6,2.6317E6,1.00,1.17,1.03,0.98,0.91,0.93,0.97,0.78,0.95,0.90,6,16,2,Carbamidomethylation; TMT10plex; Iodination,41287,Immunoglobulin heavy constant gamma 3 OS=Homo sapiens OX=9606 GN=IGHG3 PE=1 SV=2
3,6,P01859|IGHG2_HUMAN,7.49,149.32,3.185E6,3.2029E6,2.9928E6,2.9468E6,2.7688E6,2.609E6,2.561E6,2.1743E6,2.6467E6,2.5186E6,1.00,1.01,0.94,0.93,0.87,0.82,0.80,0.68,0.83,0.79,3.185E6,3.2029E6,2.9928E6,2.9468E6,2.7688E6,2.609E6,2.561E6,2.1743E6,2.6467E6,2.5186E6,1.00,1.01,0.94,0.93,0.87,0.82,0.80,0.68,0.83,0.79,10,17,3,TMT10plex,35901,Immunoglobulin heavy constant gamma 2 OS=Homo sapiens OX=9606 GN=IGHG2 PE=1 SV=2
12,11,P01009|A1AT_HUMAN,6.47,149.12,7.3274E6,6.6109E6,5.7922E6,5.5911E6,6.3364E6,6.9997E6,6.0938E6,5.4529E6,5.7786E6,5.8599E6,1.00,0.90,0.79,0.76,0.86,0.96,0.83,0.74,0.79,0.80,7.3274E6,6.6109E6,5.7922E6,5.5911E6,6.3364E6,6.9997E6,6.0938E6,5.4529E6,5.7786E6,5.8599E6,1.00,0.90,0.79,0.76,0.86,0.96,0.83,0.74,0.79,0.80,39,17,17,Carbamidomethylation; TMT10plex; Di-Iodination; Iodination,46737,Alpha-1-antitrypsin OS=Homo sapiens OX=9606 GN=SERPINA1 PE=1 SV=3
9,10,P01861|IGHG4_HUMAN,5.57,146.25,7.2467E5,7.8613E5,6.9385E5,6.5593E5,6.4748E5,5.3469E5,5.8796E5,4.7247E5,5.5319E5,5.5602E5,1.00,1.08,0.96,0.91,0.89,0.74,0.81,0.65,0.76,0.77,7.2467E5,7.8613E5,6.9385E5,6.5593E5,6.4748E5,5.3469E5,5.8796E5,4.7247E5,5.5319E5,5.5602E5,1.00,1.08,0.96,0.91,0.89,0.74,0.81,0.65,0.76,0.77,8,12,2,TMT10plex,35941,Immunoglobulin heavy constant gamma 4 OS=Homo sapiens OX=9606 GN=IGHG4 PE=1 SV=1
14,13,P00738|HPT_HUMAN,5.26,140.49,1.48E6,1.5521E6,1.426E6,1.2647E6,1.1941E6,1.2512E6,1.2727E6,1.1855E6,1.2145E6,1.1821E6,1.00,1.05,0.96,0.85,0.81,0.85,0.86,0.80,0.82,0.80,1.48E6,1.5521E6,1.426E6,1.2647E6,1.1941E6,1.2512E6,1.2727E6,1.1855E6,1.2145E6,1.1821E6,1.00,1.05,0.96,0.85,0.81,0.85,0.86,0.80,0.82,0.80,17,14,5,Carbamidomethylation; TMT10plex; Oxidation (M); Di-Iodination; Iodination,45205,Haptoglobin OS=Homo sapiens OX=9606 GN=HP PE=1 SV=1
20,17,P02790|HEMO_HUMAN,4.14,139.72,1.4115E6,1.5867E6,1.4337E6,1.3488E6,1.4114E6,1.4499E6,1.4839E6,1.716E6,1.4116E6,1.457E6,1.00,1.12,1.02,0.96,1.00,1.03,1.05,1.22,1.00,1.03,1.4115E6,1.5867E6,1.4337E6,1.3488E6,1.4114E6,1.4499E6,1.4839E6,1.716E6,1.4116E6,1.457E6,1.00,1.12,1.02,0.96,1.00,1.03,1.05,1.22,1.00,1.03,24,11,11,Carbamidomethylation; TMT10plex; Di-Iodination; Iodination,51676,Hemopexin OS=Homo sapiens OX=9606 GN=HPX PE=1 SV=2
13,14,P01871|IGHM_HUMAN,3.87,139.62,3.3847E6,3.9809E6,3.84E6,3.3819E6,3.6101E6,3.0516E6,3.4465E6,3.5621E6,3.4296E6,3.5208E6,1.00,1.18,1.13,1.00,1.07,0.90,1.02,1.05,1.01,1.04,3.3847E6,3.9809E6,3.84E6,3.3819E6,3.6101E6,3.0516E6,3.4465E6,3.5621E6,3.4296E6,3.5208E6,1.00,1.18,1.13,1.00,1.07,0.90,1.02,1.05,1.01,1.04,36,14,14,Carbamidomethylation; TMT10plex; Di-Iodination; Iodination,49440,Immunoglobulin heavy constant mu OS=Homo sapiens OX=9606 GN=IGHM PE=1 SV=4
18,12,P01876|IGHA1_HUMAN,1.77,136.33,1.3764E6,1.4826E6,1.4219E6,1.41E6,1.4543E6,1.4417E6,1.5542E6,1.5275E6,1.5411E6,1.5138E6,1.00,1.08,1.03,1.02,1.06,1.05,1.13,1.11,1.12,1.10,1.3764E6,1.4826E6,1.4219E6,1.41E6,1.4543E6,1.4417E6,1.5542E6,1.5275E6,1.5411E6,1.5138E6,1.00,1.08,1.03,1.02,1.06,1.05,1.13,1.11,1.12,1.10,27,10,6,Carbamidomethylation; TMT10plex; Iodination,37655,Immunoglobulin heavy constant alpha 1 OS=Homo sapiens OX=9606 GN=IGHA1 PE=1 SV=2
10,33,P01834|IGKC_HUMAN,0.95,134.43,2.0676E5,1.8994E5,1.8003E5,1.9158E5,1.9349E5,2.0872E5,1.9683E5,1.7298E5,1.7886E5,1.7592E5,1.00,0.92,0.87,0.93,0.94,1.01,0.95,0.84,0.87,0.85,2.0676E5,1.8994E5,1.8003E5,1.9158E5,1.9349E5,2.0872E5,1.9683E5,1.7298E5,1.7886E5,1.7592E5,1.00,0.92,0.87,0.93,0.94,1.01,0.95,0.84,0.87,0.85,18,9,1,TMT10plex,11765,Immunoglobulin kappa constant OS=Homo sapiens OX=9606 GN=IGKC PE=1 SV=2
22,28,P0C0L4|CO4A_HUMAN,2.28,130.13,7.0792E5,7.8406E5,7.149E5,6.8548E5,7.1086E5,6.8817E5,6.8856E5,7.3315E5,6.9117E5,7.1694E5,1.00,1.11,1.01,0.97,1.00,0.97,0.97,1.04,0.98,1.01,7.0792E5,7.8406E5,7.149E5,6.8548E5,7.1086E5,6.8817E5,6.8856E5,7.3315E5,6.9117E5,7.1694E5,1.00,1.11,1.01,0.97,1.00,0.97,0.97,1.04,0.98,1.01,7,8,8,Carbamidomethylation; TMT10plex; Di-Iodination,192784,Complement C4-A OS=Homo sapiens OX=9606 GN=C4A PE=1 SV=2
22,27,P0C0L5|CO4B_HUMAN,2.28,130.13,7.0792E5,7.8406E5,7.149E5,6.8548E5,7.1086E5,6.8817E5,6.8856E5,7.3315E5,6.9117E5,7.1694E5,1.00,1.11,1.01,0.97,1.00,0.97,0.97,1.04,0.98,1.01,7.0792E5,7.8406E5,7.149E5,6.8548E5,7.1086E5,6.8817E5,6.8856E5,7.3315E5,6.9117E5,7.1694E5,1.00,1.11,1.01,0.97,1.00,0.97,0.97,1.04,0.98,1.01,7,8,8,Carbamidomethylation; TMT10plex; Di-Iodination,192750,Complement C4-B OS=Homo sapiens OX=9606 GN=C4B PE=1 SV=2
25,15,P06727|APOA4_HUMAN,2.52,130.06,1.3524E6,1.4331E6,1.392E6,1.2419E6,1.3224E6,1.4301E6,1.4364E6,1.4613E6,1.4149E6,1.4062E6,1.00,1.06,1.03,0.92,0.98,1.06,1.06,1.08,1.05,1.04,1.3524E6,1.4331E6,1.392E6,1.2419E6,1.3224E6,1.4301E6,1.4364E6,1.4613E6,1.4149E6,1.4062E6,1.00,1.06,1.03,0.92,0.98,1.06,1.06,1.08,1.05,1.04,23,10,10,TMT10plex; Di-Iodination,45372,Apolipoprotein A-IV OS=Homo sapiens OX=9606 GN=APOA4 PE=1 SV=4
15,47,P01619|KV320_HUMAN,4.58,122.11,4.7611E5,5.7533E5,5.3395E5,5.1666E5,5.8437E5,4.9653E5,6.1048E5,5.8495E5,5.6382E5,5.3086E5,1.00,1.21,1.12,1.09,1.23,1.04,1.28,1.23,1.18,1.12,4.7611E5,5.7533E5,5.3395E5,5.1666E5,5.8437E5,4.9653E5,6.1048E5,5.8495E5,5.6382E5,5.3086E5,1.00,1.21,1.12,1.09,1.23,1.04,1.28,1.23,1.18,1.12,23,5,2,TMT10plex; Di-Iodination; Iodination,12557,Immunoglobulin kappa variable 3-20 OS=Homo sapiens OX=9606 GN=IGKV3-20 PE=1 SV=2
17,20,P02766|TTHY_HUMAN,4.34,121.49,2.1281E6,2.6239E6,2.59E6,2.3833E6,2.2117E6,1.9805E6,2.3063E6,2.3388E6,2.3858E6,2.5081E6,1.00,1.23,1.22,1.12,1.04,0.93,1.08,1.10,1.12,1.18,2.1281E6,2.6239E6,2.59E6,2.3833E6,2.2117E6,1.9805E6,2.3063E6,2.3388E6,2.3858E6,2.5081E6,1.00,1.23,1.22,1.12,1.04,0.93,1.08,1.10,1.12,1.18,55,6,6,TMT10plex; Iodination,15887,Transthyretin OS=Homo sapiens OX=9606 GN=TTR PE=1 SV=1
24,25,P04114|APOB_HUMAN,4.55,119.52,9.1515E5,9.4746E5,9.6591E5,8.9203E5,9.3486E5,8.4128E5,1.0623E6,1.0855E6,1.0073E6,1.1145E6,1.00,1.04,1.06,0.97,1.02,0.92,1.16,1.19,1.10,1.22,9.1515E5,9.4746E5,9.6591E5,8.9203E5,9.3486E5,8.4128E5,1.0623E6,1.0855E6,1.0073E6,1.1145E6,1.00,1.04,1.06,0.97,1.02,0.92,1.16,1.19,1.10,1.22,3,13,13,TMT10plex,515611,Apolipoprotein B-100 OS=Homo sapiens OX=9606 GN=APOB PE=1 SV=2
19,31,B9A064|IGLL5_HUMAN,6.78,116.00,9.6616E5,8.3149E5,8.5479E5,8.4141E5,8.7583E5,9.6633E5,7.3242E5,6.5911E5,6.4574E5,6.7806E5,1.00,0.86,0.88,0.87,0.91,1.00,0.76,0.68,0.67,0.70,9.6616E5,8.3149E5,8.5479E5,8.4141E5,8.7583E5,9.6633E5,7.3242E5,6.5911E5,6.4574E5,6.7806E5,1.00,0.86,0.88,0.87,0.91,1.00,0.76,0.68,0.67,0.70,21,9,4,TMT10plex,23063,Immunoglobulin lambda-like polypeptide 5 OS=Homo sapiens OX=9606 GN=IGLL5 PE=2 SV=2
19,32,P0DOX8|IGL1_HUMAN,6.78,116.00,9.6616E5,8.3149E5,8.5479E5,8.4141E5,8.7583E5,9.6633E5,7.3242E5,6.5911E5,6.4574E5,6.7806E5,1.00,0.86,0.88,0.87,0.91,1.00,0.76,0.68,0.67,0.70,9.6616E5,8.3149E5,8.5479E5,8.4141E5,8.7583E5,9.6633E5,7.3242E5,6.5911E5,6.4574E5,6.7806E5,1.00,0.86,0.88,0.87,0.91,1.00,0.76,0.68,0.67,0.70,20,9,4,TMT10plex,22830,Immunoglobulin lambda-1 light chain OS=Homo sapiens OX=9606 PE=1 SV=1
38,29,P00734|THRB_HUMAN,3.32,114.39,2.0932E5,2.4332E5,2.2193E5,2.0322E5,1.9458E5,2.0923E5,2.1808E5,2.1644E5,2.0394E5,2.0278E5,1.00,1.16,1.06,0.97,0.93,1.00,1.04,1.03,0.97,0.97,2.0932E5,2.4332E5,2.2193E5,2.0322E5,1.9458E5,2.0923E5,2.1808E5,2.1644E5,2.0394E5,2.0278E5,1.00,1.16,1.06,0.97,0.93,1.00,1.04,1.03,0.97,0.97,14,5,5,Carbamidomethylation; TMT10plex,70037,Prothrombin OS=Homo sapiens OX=9606 GN=F2 PE=1 SV=2
16,22,P0DOY2|IGLC2_HUMAN,4.25,112.63,2.0075E6,1.7443E6,1.5449E6,1.7501E6,1.9238E6,1.9858E6,1.4183E6,1.638E6,1.5122E6,1.5584E6,1.00,0.87,0.77,0.87,0.96,0.99,0.71,0.82,0.75,0.78,2.0075E6,1.7443E6,1.5449E6,1.7501E6,1.9238E6,1.9858E6,1.4183E6,1.638E6,1.5122E6,1.5584E6,1.00,0.87,0.77,0.87,0.96,0.99,0.71,0.82,0.75,0.78,21,8,3,TMT10plex,11294,Immunoglobulin lambda constant 2 OS=Homo sapiens OX=9606 GN=IGLC2 PE=1 SV=1
32,18,P02749|APOH_HUMAN,6.11,109.93,4.1584E5,5.5566E5,5.1068E5,4.8594E5,4.5758E5,4.3842E5,4.56E5,4.0807E5,4.1239E5,3.7891E5,1.00,1.34,1.23,1.17,1.10,1.05,1.10,0.98,0.99,0.91,4.1584E5,5.5566E5,5.1068E5,4.8594E5,4.5758E5,4.3842E5,4.56E5,4.0807E5,4.1239E5,3.7891E5,1.00,1.34,1.23,1.17,1.10,1.05,1.10,0.98,0.99,0.91,15,4,4,Carbamidomethylation; TMT10plex; Iodination,38298,Beta-2-glycoprotein 1 OS=Homo sapiens OX=9606 GN=APOH PE=1 SV=3
31,35,P04217|A1BG_HUMAN,3.80,106.08,7.7879E5,9.2318E5,8.1272E5,7.4905E5,7.4152E5,7.8931E5,8.316E5,9.3098E5,8.0834E5,8.2344E5,1.00,1.19,1.04,0.96,0.95,1.01,1.07,1.20,1.04,1.06,7.7879E5,9.2318E5,8.1272E5,7.4905E5,7.4152E5,7.8931E5,8.316E5,9.3098E5,8.0834E5,8.2344E5,1.00,1.19,1.04,0.96,0.95,1.01,1.07,1.20,1.04,1.06,14,6,6,Carbamidomethylation; TMT10plex,54254,Alpha-1B-glycoprotein OS=Homo sapiens OX=9606 GN=A1BG PE=1 SV=4
43,37,P02751|FINC_HUMAN,5.10,103.31,2.0327E5,2.1058E5,2.1438E5,2.0079E5,2.1804E5,2.7547E5,2.6442E5,2.7223E5,2.2898E5,2.4952E5,1.00,1.04,1.05,0.99,1.07,1.36,1.30,1.34,1.13,1.23,2.0327E5,2.1058E5,2.1438E5,2.0079E5,2.1804E5,2.7547E5,2.6442E5,2.7223E5,2.2898E5,2.4952E5,1.00,1.04,1.05,0.99,1.07,1.36,1.30,1.34,1.13,1.23,3,5,5,Carbamidomethylation; TMT10plex; Sulfonic acid on Cysteine,272318,Fibronectin OS=Homo sapiens OX=9606 GN=FN1 PE=1 SV=5
37,23,P68871|HBB_HUMAN,4.09,103.05,9.5224E5,1.0506E6,1.0248E6,9.5932E5,1.0073E6,1.0296E6,1.0682E6,1.2281E6,1.0526E6,1.0687E6,1.00,1.10,1.08,1.01,1.06,1.08,1.12,1.29,1.11,1.12,9.5224E5,1.0506E6,1.0248E6,9.5932E5,1.0073E6,1.0296E6,1.0682E6,1.2281E6,1.0526E6,1.0687E6,1.00,1.10,1.08,1.01,1.06,1.08,1.12,1.29,1.11,1.12,48,6,6,TMT10plex,15998,Hemoglobin subunit beta OS=Homo sapiens OX=9606 GN=HBB PE=1 SV=2
39,40,P01008|ANT3_HUMAN,16.94,102.64,3.5486E5,4.221E5,4.2802E5,3.6834E5,3.8371E5,4.3058E5,5.3014E5,7.2932E5,5.4716E5,5.9964E5,1.00,1.19,1.21,1.04,1.08,1.21,1.49,2.06,1.54,1.69,3.5486E5,4.221E5,4.2802E5,3.6834E5,3.8371E5,4.3058E5,5.3014E5,7.2932E5,5.4716E5,5.9964E5,1.00,1.19,1.21,1.04,1.08,1.21,1.49,2.06,1.54,1.69,15,6,6,Carbamidomethylation; TMT10plex,52602,Antithrombin-III OS=Homo sapiens OX=9606 GN=SERPINC1 PE=1 SV=1
27,48,P01780|HV307_HUMAN,3.03,102.10,1.4131E5,1.1915E5,1.0207E5,1.0341E5,1.4339E5,1.5237E5,1.2806E5,1.252E5,1.0199E5,1.2191E5,1.00,0.84,0.72,0.73,1.01,1.08,0.91,0.89,0.72,0.86,1.4131E5,1.1915E5,1.0207E5,1.0341E5,1.4339E5,1.5237E5,1.2806E5,1.252E5,1.0199E5,1.2191E5,1.00,0.84,0.72,0.73,1.01,1.08,0.91,0.89,0.72,0.86,8,5,1,TMT10plex,12943,Immunoglobulin heavy variable 3-7 OS=Homo sapiens OX=9606 GN=IGHV3-7 PE=1 SV=2
40,30,P19823|ITIH2_HUMAN,3.65,101.82,9.2565E5,1.1103E6,1.0843E6,9.4806E5,8.8143E5,9.0932E5,1.0108E6,1.0828E6,1.0475E6,1.0127E6,1.00,1.20,1.17,1.02,0.95,0.98,1.09,1.17,1.13,1.09,9.2565E5,1.1103E6,1.0843E6,9.4806E5,8.8143E5,9.0932E5,1.0108E6,1.0828E6,1.0475E6,1.0127E6,1.00,1.20,1.17,1.02,0.95,0.98,1.09,1.17,1.13,1.09,5,4,4,TMT10plex,106463,Inter-alpha-trypsin inhibitor heavy chain H2 OS=Homo sapiens OX=9606 GN=ITIH2 PE=1 SV=2
30,53,A0A0B4J1X5|HV374_HUMAN,2.64,100.22,5.6291E4,7.8343E4,7.3496E4,6.2683E4,6.7901E4,6.4312E4,7.2439E4,1.01E5,6.67E4,6.6811E4,1.00,1.39,1.31,1.11,1.21,1.14,1.29,1.79,1.18,1.19,5.6291E4,7.8343E4,7.3496E4,6.2683E4,6.7901E4,6.4312E4,7.2439E4,1.01E5,6.67E4,6.6811E4,1.00,1.39,1.31,1.11,1.21,1.14,1.29,1.79,1.18,1.19,6,5,1,TMT10plex,12840,Immunoglobulin heavy variable 3-74 OS=Homo sapiens OX=9606 GN=IGHV3-74 PE=3 SV=1
49,39,P00747|PLMN_HUMAN,2.58,98.70,3.361E5,3.5808E5,3.2971E5,3.4749E5,3.4248E5,3.4682E5,3.1887E5,3.2039E5,2.9688E5,3.132E5,1.00,1.07,0.98,1.03,1.02,1.03,0.95,0.95,0.88,0.93,3.361E5,3.5808E5,3.2971E5,3.4749E5,3.4248E5,3.4682E5,3.1887E5,3.2039E5,2.9688E5,3.132E5,1.00,1.07,0.98,1.03,1.02,1.03,0.95,0.95,0.88,0.93,8,5,5,Carbamidomethylation; TMT10plex; Di-Iodination,90569,Plasminogen OS=Homo sapiens OX=9606 GN=PLG PE=1 SV=2
23,36,P0DOX2|IGA2_HUMAN,1.59,97.43,6.324E4,6.7982E4,6.5207E4,5.5824E4,5.8914E4,5.8286E4,5.8301E4,7.46E4,6.0441E4,6.2476E4,1.00,1.07,1.03,0.88,0.93,0.92,0.92,1.18,0.96,0.99,6.324E4,6.7982E4,6.5207E4,5.5824E4,5.8914E4,5.8286E4,5.8301E4,7.46E4,6.0441E4,6.2476E4,1.00,1.07,1.03,0.88,0.93,0.92,0.92,1.18,0.96,0.99,4,7,1,TMT10plex,48934,Immunoglobulin alpha-2 heavy chain OS=Homo sapiens OX=9606 PE=1 SV=2
45,43,P02760|AMBP_HUMAN,6.19,96.01,2.2041E5,3.0459E5,2.7198E5,2.4164E5,2.2824E5,2.19E5,2.5859E5,2.8382E5,2.6113E5,2.323E5,1.00,1.38,1.23,1.10,1.04,0.99,1.17,1.29,1.18,1.05,2.2041E5,3.0459E5,2.7198E5,2.4164E5,2.2824E5,2.19E5,2.5859E5,2.8382E5,2.6113E5,2.323E5,1.00,1.38,1.23,1.10,1.04,0.99,1.17,1.29,1.18,1.05,17,4,4,Carbamidomethylation; TMT10plex; Di-Iodination,39000,Protein AMBP OS=Homo sapiens OX=9606 GN=AMBP PE=1 SV=1
33,26,P02774|VTDB_HUMAN,4.99,95.52,1.1306E6,1.0809E6,9.5533E5,1.0009E6,9.8244E5,1.0185E6,9.3501E5,7.9057E5,8.6216E5,8.7265E5,1.00,0.96,0.85,0.89,0.87,0.90,0.83,0.70,0.76,0.77,1.1306E6,1.0809E6,9.5533E5,1.0009E6,9.8244E5,1.0185E6,9.3501E5,7.9057E5,8.6216E5,8.7265E5,1.00,0.96,0.85,0.89,0.87,0.90,0.83,0.70,0.76,0.77,14,6,6,Carbamidomethylation; TMT10plex; I+TMT,52918,Vitamin D-binding protein OS=Homo sapiens OX=9606 GN=GC PE=1 SV=2
36,72,P04433|KV311_HUMAN,3.18,94.29,2.1969E5,2.6239E5,2.4607E5,2.193E5,2.4094E5,2.0621E5,2.4188E5,2.9867E5,2.6056E5,3.2623E5,1.00,1.19,1.12,1.00,1.10,0.94,1.10,1.36,1.19,1.48,2.1969E5,2.6239E5,2.4607E5,2.193E5,2.4094E5,2.0621E5,2.4188E5,2.9867E5,2.6056E5,3.2623E5,1.00,1.19,1.12,1.00,1.10,0.94,1.10,1.36,1.19,1.48,8,2,1,TMT10plex; Di-Iodination,12575,Immunoglobulin kappa variable 3-11 OS=Homo sapiens OX=9606 GN=IGKV3-11 PE=1 SV=1
36,71,A0A0A0MRZ8|KVD11_HUMAN,3.18,94.29,2.1969E5,2.6239E5,2.4607E5,2.193E5,2.4094E5,2.0621E5,2.4188E5,2.9867E5,2.6056E5,3.2623E5,1.00,1.19,1.12,1.00,1.10,0.94,1.10,1.36,1.19,1.48,2.1969E5,2.6239E5,2.4607E5,2.193E5,2.4094E5,2.0621E5,2.4188E5,2.9867E5,2.6056E5,3.2623E5,1.00,1.19,1.12,1.00,1.10,0.94,1.10,1.36,1.19,1.48,8,2,1,TMT10plex; Di-Iodination,12625,Immunoglobulin kappa variable 3D-11 OS=Homo sapiens OX=9606 GN=IGKV3D-11 PE=3 SV=6
50,38,P04004|VTNC_HUMAN,9.93,93.97,4.8168E5,5.8043E5,6.1612E5,5.0077E5,4.2576E5,3.8871E5,4.115E5,4.8915E5,3.6561E5,3.8537E5,1.00,1.21,1.28,1.04,0.88,0.81,0.85,1.02,0.76,0.80,4.8168E5,5.8043E5,6.1612E5,5.0077E5,4.2576E5,3.8871E5,4.115E5,4.8915E5,3.6561E5,3.8537E5,1.00,1.21,1.28,1.04,0.88,0.81,0.85,1.02,0.76,0.80,11,4,4,Carbamidomethylation; TMT10plex; Di-Iodination,54306,Vitronectin OS=Homo sapiens OX=9606 GN=VTN PE=1 SV=1
53,46,P19827|ITIH1_HUMAN,6.24,87.64,4.3445E5,4.0135E5,4.9115E5,3.6804E5,3.5598E5,3.6153E5,4.7874E5,5.1403E5,5.1243E5,5.179E5,1.00,0.92,1.13,0.85,0.82,0.83,1.10,1.18,1.18,1.19,4.3445E5,4.0135E5,4.9115E5,3.6804E5,3.5598E5,3.6153E5,4.7874E5,5.1403E5,5.1243E5,5.179E5,1.00,0.92,1.13,0.85,0.82,0.83,1.10,1.18,1.18,1.19,3,2,2,TMT10plex,101389,Inter-alpha-trypsin inhibitor heavy chain H1 OS=Homo sapiens OX=9606 GN=ITIH1 PE=1 SV=3
46,56,P05155|IC1_HUMAN,5.06,85.95,3.963E5,4.6883E5,4.1543E5,3.8716E5,4.6166E5,4.564E5,5.1317E5,5.0499E5,4.8572E5,5.0061E5,1.00,1.18,1.05,0.98,1.16,1.15,1.29,1.27,1.23,1.26,3.963E5,4.6883E5,4.1543E5,3.8716E5,4.6166E5,4.564E5,5.1317E5,5.0499E5,4.8572E5,5.0061E5,1.00,1.18,1.05,0.98,1.16,1.15,1.29,1.27,1.23,1.26,10,4,4,TMT10plex,55154,Plasma protease C1 inhibitor OS=Homo sapiens OX=9606 GN=SERPING1 PE=1 SV=2
44,50,P02652|APOA2_HUMAN,7.14,84.94,1.0873E6,8.0524E5,7.6438E5,8.6106E5,1.0876E6,1.2593E6,9.9399E5,8.8469E5,9.8079E5,9.3896E5,1.00,0.74,0.70,0.79,1.00,1.16,0.91,0.81,0.90,0.86,1.0873E6,8.0524E5,7.6438E5,8.6106E5,1.0876E6,1.2593E6,9.9399E5,8.8469E5,9.8079E5,9.3896E5,1.00,0.74,0.70,0.79,1.00,1.16,0.91,0.81,0.90,0.86,41,5,5,Carbamidomethylation; TMT10plex; Di-Iodination; Iodination,11175,Apolipoprotein A-II OS=Homo sapiens OX=9606 GN=APOA2 PE=1 SV=1
48,52,P00450|CERU_HUMAN,8.56,82.77,3.2456E5,3.8668E5,3.5361E5,2.6107E5,2.4462E5,2.1481E5,2.4624E5,2.4766E5,2.5306E5,2.7013E5,1.00,1.19,1.09,0.80,0.75,0.66,0.76,0.76,0.78,0.83,3.2456E5,3.8668E5,3.5361E5,2.6107E5,2.4462E5,2.1481E5,2.4624E5,2.4766E5,2.5306E5,2.7013E5,1.00,1.19,1.09,0.80,0.75,0.66,0.76,0.76,0.78,0.83,3,2,2,TMT10plex; Iodination,122205,Ceruloplasmin OS=Homo sapiens OX=9606 GN=CP PE=1 SV=1
64,41,P10909|CLUS_HUMAN,4.19,81.26,1.3401E5,1.2269E5,1.2663E5,1.3034E5,1.5215E5,1.6412E5,1.6083E5,1.6109E5,1.6234E5,1.4902E5,1.00,0.92,0.94,0.97,1.14,1.22,1.20,1.20,1.21,1.11,1.3401E5,1.2269E5,1.2663E5,1.3034E5,1.5215E5,1.6412E5,1.6083E5,1.6109E5,1.6234E5,1.4902E5,1.00,0.92,0.94,0.97,1.14,1.22,1.20,1.20,1.21,1.11,10,3,3,Carbamidomethylation; TMT10plex,52495,Clusterin OS=Homo sapiens OX=9606 GN=CLU PE=1 SV=1
34,64,P02765|FETUA_HUMAN,10.89,80.17,5.2085E5,5.1732E5,5.1367E5,4.566E5,6.0343E5,6.4373E5,8.4644E5,8.3339E5,8.7184E5,8.2443E5,1.00,0.99,0.99,0.88,1.16,1.24,1.63,1.60,1.67,1.58,5.2085E5,5.1732E5,5.1367E5,4.566E5,6.0343E5,6.4373E5,8.4644E5,8.3339E5,8.7184E5,8.2443E5,1.00,0.99,0.99,0.88,1.16,1.24,1.63,1.60,1.67,1.58,7,2,2,Carbamidomethylation; TMT10plex; Di-Iodination; Iodination,39341,Alpha-2-HS-glycoprotein OS=Homo sapiens OX=9606 GN=AHSG PE=1 SV=2
41,44,Q14624|ITIH4_HUMAN,4.86,79.71,5.1441E5,5.6425E5,5.6576E5,4.9513E5,5.5526E5,5.3726E5,5.722E5,6.8879E5,5.5094E5,6.0087E5,1.00,1.10,1.10,0.96,1.08,1.04,1.11,1.34,1.07,1.17,5.1441E5,5.6425E5,5.6576E5,4.9513E5,5.5526E5,5.3726E5,5.722E5,6.8879E5,5.5094E5,6.0087E5,1.00,1.10,1.10,0.96,1.08,1.04,1.11,1.34,1.07,1.17,3,3,3,TMT10plex,103357,Inter-alpha-trypsin inhibitor heavy chain H4 OS=Homo sapiens OX=9606 GN=ITIH4 PE=1 SV=4
54,51,P01042|KNG1_HUMAN,2.83,79.47,1.1426E6,1.3472E6,1.2758E6,1.2014E6,1.1754E6,1.0975E6,1.2562E6,1.2404E6,1.3333E6,1.3385E6,1.00,1.18,1.12,1.05,1.03,0.96,1.10,1.09,1.17,1.17,1.1426E6,1.3472E6,1.2758E6,1.2014E6,1.1754E6,1.0975E6,1.2562E6,1.2404E6,1.3333E6,1.3385E6,1.00,1.18,1.12,1.05,1.03,0.96,1.10,1.09,1.17,1.17,6,5,5,Carbamidomethylation; TMT10plex,71957,Kininogen-1 OS=Homo sapiens OX=9606 GN=KNG1 PE=1 SV=2
68,74,P0DP09|KV113_HUMAN,1.60,73.71,8.8801E4,1.0445E5,9.6015E4,9.1262E4,8.7614E4,9.0647E4,1.0183E5,9.1756E4,1.0124E5,1.3719E5,1.00,1.18,1.08,1.03,0.99,1.02,1.15,1.03,1.14,1.54,8.8801E4,1.0445E5,9.6015E4,9.1262E4,8.7614E4,9.0647E4,1.0183E5,9.1756E4,1.0124E5,1.3719E5,1.00,1.18,1.08,1.03,0.99,1.02,1.15,1.03,1.14,1.54,15,2,1,TMT10plex,12569,Immunoglobulin kappa variable 1-13 OS=Homo sapiens OX=9606 GN=IGKV1-13 PE=3 SV=1
68,73,A0A0B4J2D9|KVD13_HUMAN,1.60,73.71,8.8801E4,1.0445E5,9.6015E4,9.1262E4,8.7614E4,9.0647E4,1.0183E5,9.1756E4,1.0124E5,1.3719E5,1.00,1.18,1.08,1.03,0.99,1.02,1.15,1.03,1.14,1.54,8.8801E4,1.0445E5,9.6015E4,9.1262E4,8.7614E4,9.0647E4,1.0183E5,9.1756E4,1.0124E5,1.3719E5,1.00,1.18,1.08,1.03,0.99,1.02,1.15,1.03,1.14,1.54,15,2,1,TMT10plex,12569,Immunoglobulin kappa variable 1D-13 OS=Homo sapiens OX=9606 GN=IGKV1D-13 PE=3 SV=1
78,65,P02656|APOC3_HUMAN,5.75,72.84,1.0258E5,1.2325E5,1.2144E5,1.4061E5,1.4816E5,1.6449E5,1.7934E5,1.5783E5,1.7597E5,1.7516E5,1.00,1.20,1.18,1.37,1.44,1.60,1.75,1.54,1.72,1.71,1.0258E5,1.2325E5,1.2144E5,1.4061E5,1.4816E5,1.6449E5,1.7934E5,1.5783E5,1.7597E5,1.7516E5,1.00,1.20,1.18,1.37,1.44,1.60,1.75,1.54,1.72,1.71,27,2,2,TMT10plex,10852,Apolipoprotein C-III OS=Homo sapiens OX=9606 GN=APOC3 PE=1 SV=1
73,75,P00751|CFAB_HUMAN,11.42,72.46,1.3508E5,1.3611E5,1.2685E5,1.1769E5,1.5933E5,1.5368E5,1.9908E5,1.7097E5,1.587E5,1.6969E5,1.00,1.01,0.94,0.87,1.18,1.14,1.47,1.27,1.17,1.26,1.3508E5,1.3611E5,1.2685E5,1.1769E5,1.5933E5,1.5368E5,1.9908E5,1.7097E5,1.587E5,1.6969E5,1.00,1.01,0.94,0.87,1.18,1.14,1.47,1.27,1.17,1.26,4,3,3,TMT10plex,85533,Complement factor B OS=Homo sapiens OX=9606 GN=CFB PE=1 SV=2
42,90,P01762|HV311_HUMAN,10.91,72.35,3.4341E4,3.9511E4,2.8482E4,3.2794E4,2.7652E4,3.5961E4,2.5788E4,3.3085E4,2.6047E4,4.869E4,1.00,1.15,0.83,0.95,0.81,1.05,0.75,0.96,0.76,1.42,3.4341E4,3.9511E4,2.8482E4,3.2794E4,2.7652E4,3.5961E4,2.5788E4,3.3085E4,2.6047E4,4.869E4,1.00,1.15,0.83,0.95,0.81,1.05,0.75,0.96,0.76,1.42,16,2,1,TMT10plex; Pyro-glu from Q,12909,Immunoglobulin heavy variable 3-11 OS=Homo sapiens OX=9606 GN=IGHV3-11 PE=1 SV=2
52,61,P01011|AACT_HUMAN,5.40,70.90,2.1285E5,2.2591E5,2.2238E5,1.8304E5,2.1065E5,1.9271E5,2.1299E5,2.6343E5,2.291E5,2.2946E5,1.00,1.06,1.04,0.86,0.99,0.91,1.00,1.24,1.08,1.08,2.1285E5,2.2591E5,2.2238E5,1.8304E5,2.1065E5,1.9271E5,2.1299E5,2.6343E5,2.291E5,2.2946E5,1.00,1.06,1.04,0.86,0.99,0.91,1.00,1.24,1.08,1.08,9,3,3,TMT10plex,47651,Alpha-1-antichymotrypsin OS=Homo sapiens OX=9606 GN=SERPINA3 PE=1 SV=2
72,87,P04003|C4BPA_HUMAN,2.25,69.63,2.6048E5,2.5286E5,2.6219E5,2.5114E5,3.0403E5,3.0967E5,2.869E5,2.9023E5,2.7468E5,2.7352E5,1.00,0.97,1.01,0.96,1.17,1.19,1.10,1.11,1.05,1.05,2.6048E5,2.5286E5,2.6219E5,2.5114E5,3.0403E5,3.0967E5,2.869E5,2.9023E5,2.7468E5,2.7352E5,1.00,0.97,1.01,0.96,1.17,1.19,1.10,1.11,1.05,1.05,5,2,2,Carbamidomethylation; TMT10plex,67033,C4b-binding protein alpha chain OS=Homo sapiens OX=9606 GN=C4BPA PE=1 SV=2
51,57,P08603|CFAH_HUMAN,21.07,69.52,4.5252E5,3.8589E5,4.0262E5,3.1511E5,4.0781E5,4.8364E5,7.5661E5,9.9376E5,9.0556E5,9.6845E5,1.00,0.85,0.89,0.70,0.90,1.07,1.67,2.20,2.00,2.14,4.5252E5,3.8589E5,4.0262E5,3.1511E5,4.0781E5,4.8364E5,7.5661E5,9.9376E5,9.0556E5,9.6845E5,1.00,0.85,0.89,0.70,0.90,1.07,1.67,2.20,2.00,2.14,3,3,3,Carbamidomethylation; TMT10plex,139096,Complement factor H OS=Homo sapiens OX=9606 GN=CFH PE=1 SV=4
65,84,O43866|CD5L_HUMAN,4.57,69.11,1.1133E5,1.4497E5,1.2809E5,1.1128E5,1.1351E5,1.1006E5,1.1258E5,1.1252E5,1.176E5,1.2138E5,1.00,1.30,1.15,1.00,1.02,0.99,1.01,1.01,1.06,1.09,1.1133E5,1.4497E5,1.2809E5,1.1128E5,1.1351E5,1.1006E5,1.1258E5,1.1252E5,1.176E5,1.2138E5,1.00,1.30,1.15,1.00,1.02,0.99,1.01,1.01,1.06,1.09,9,4,3,Carbamidomethylation; TMT10plex,38088,CD5 antigen-like OS=Homo sapiens OX=9606 GN=CD5L PE=1 SV=1
59,67,P01593|KVD33_HUMAN,12.05,67.04,3.7741E5,4.4143E5,4.2558E5,4.1097E5,4.1477E5,3.8534E5,4.2229E5,4.3084E5,4.0667E5,5.3012E5,1.00,1.17,1.13,1.09,1.10,1.02,1.12,1.14,1.08,1.40,3.7741E5,4.4143E5,4.2558E5,4.1097E5,4.1477E5,3.8534E5,4.2229E5,4.3084E5,4.0667E5,5.3012E5,1.00,1.17,1.13,1.09,1.10,1.02,1.12,1.14,1.08,1.40,29,2,2,TMT10plex; Di-Iodination,12848,Immunoglobulin kappa variable 1D-33 OS=Homo sapiens OX=9606 GN=IGKV1D-33 PE=1 SV=2
59,66,P01594|KV133_HUMAN,12.05,67.04,3.7741E5,4.4143E5,4.2558E5,4.1097E5,4.1477E5,3.8534E5,4.2229E5,4.3084E5,4.0667E5,5.3012E5,1.00,1.17,1.13,1.09,1.10,1.02,1.12,1.14,1.08,1.40,3.7741E5,4.4143E5,4.2558E5,4.1097E5,4.1477E5,3.8534E5,4.2229E5,4.3084E5,4.0667E5,5.3012E5,1.00,1.17,1.13,1.09,1.10,1.02,1.12,1.14,1.08,1.40,29,2,2,TMT10plex; Di-Iodination,12848,Immunoglobulin kappa variable 1-33 OS=Homo sapiens OX=9606 GN=IGKV1-33 PE=1 SV=2
79,89,Q96PD5|PGRP2_HUMAN,3.17,66.40,3.9081E4,5.1638E4,6.0012E4,4.7613E4,5.5963E4,5.0929E4,5.8942E4,4.9657E4,6.5191E4,6.4606E4,1.00,1.32,1.54,1.22,1.43,1.30,1.51,1.27,1.67,1.65,3.9081E4,5.1638E4,6.0012E4,4.7613E4,5.5963E4,5.0929E4,5.8942E4,4.9657E4,6.5191E4,6.4606E4,1.00,1.32,1.54,1.22,1.43,1.30,1.51,1.27,1.67,1.65,4,1,1,Carbamidomethylation; TMT10plex,62217,N-acetylmuramoyl-L-alanine amidase OS=Homo sapiens OX=9606 GN=PGLYRP2 PE=1 SV=1
66,58,P02753|RET4_HUMAN,7.03,65.69,1.5202E5,1.6084E5,1.6976E5,1.5303E5,1.4019E5,1.2058E5,1.1805E5,1.4809E5,1.1009E5,1.0456E5,1.00,1.06,1.12,1.01,0.92,0.79,0.78,0.97,0.72,0.69,1.5202E5,1.6084E5,1.6976E5,1.5303E5,1.4019E5,1.2058E5,1.1805E5,1.4809E5,1.1009E5,1.0456E5,1.00,1.06,1.12,1.01,0.92,0.79,0.78,0.97,0.72,0.69,25,3,3,Carbamidomethylation; TMT10plex; Di-Iodination,23010,Retinol-binding protein 4 OS=Homo sapiens OX=9606 GN=RBP4 PE=1 SV=3
55,62,P02763|A1AG1_HUMAN,3.45,65.52,3.9513E4,3.3203E4,3.8142E4,3.7928E4,4.6175E4,5.5087E4,7.3271E4,6.6624E4,6.7203E4,5.9091E4,1.00,0.84,0.97,0.96,1.17,1.39,1.85,1.69,1.70,1.50,3.9513E4,3.3203E4,3.8142E4,3.7928E4,4.6175E4,5.5087E4,7.3271E4,6.6624E4,6.7203E4,5.9091E4,1.00,0.84,0.97,0.96,1.17,1.39,1.85,1.69,1.70,1.50,7,1,1,Carbamidomethylation; TMT10plex; Di-Iodination,23512,Alpha-1-acid glycoprotein 1 OS=Homo sapiens OX=9606 GN=ORM1 PE=1 SV=1
60,68,P01624|KV315_HUMAN,3.70,65.34,5.9546E4,6.847E4,7.3282E4,6.1033E4,4.9782E4,4.5778E4,6.7158E4,4.0657E4,5.6593E4,5.1726E4,1.00,1.15,1.23,1.02,0.84,0.77,1.13,0.68,0.95,0.87,5.9546E4,6.847E4,7.3282E4,6.1033E4,4.9782E4,4.5778E4,6.7158E4,4.0657E4,5.6593E4,5.1726E4,1.00,1.15,1.23,1.02,0.84,0.77,1.13,0.68,0.95,0.87,16,2,1,TMT10plex,12496,Immunoglobulin kappa variable 3-15 OS=Homo sapiens OX=9606 GN=IGKV3-15 PE=1 SV=2
67,60,A0A0J9YXX1|HV5X1_HUMAN,4.30,64.90,6.7801E5,6.6743E5,5.6006E5,5.9071E5,6.6061E5,6.5116E5,5.9285E5,5.5984E5,5.6476E5,5.5123E5,1.00,0.98,0.83,0.87,0.97,0.96,0.87,0.83,0.83,0.81,6.7801E5,6.6743E5,5.6006E5,5.9071E5,6.6061E5,6.5116E5,5.9285E5,5.5984E5,5.6476E5,5.5123E5,1.00,0.98,0.83,0.87,0.97,0.96,0.87,0.83,0.83,0.81,22,3,3,TMT10plex,12773,Immunoglobulin heavy variable 5-10-1 OS=Homo sapiens OX=9606 GN=IGHV5-10-1 PE=3 SV=1
71,146,P06396|GELS_HUMAN,1.67,64.46,1.4022E5,1.5122E5,1.4848E5,1.3662E5,1.4046E5,1.4172E5,1.4445E5,1.4898E5,1.5557E5,1.5155E5,1.00,1.08,1.06,0.97,1.00,1.01,1.03,1.06,1.11,1.08,1.4022E5,1.5122E5,1.4848E5,1.3662E5,1.4046E5,1.4172E5,1.4445E5,1.4898E5,1.5557E5,1.5155E5,1.00,1.08,1.06,0.97,1.00,1.01,1.03,1.06,1.11,1.08,5,3,3,TMT10plex; Di-Iodination,85697,Gelsolin OS=Homo sapiens OX=9606 GN=GSN PE=1 SV=1
57,63,A0A0C4DH42|HV366_HUMAN,2.06,63.35,5.884E4,7.6949E4,6.7053E4,6.2233E4,6.3369E4,6.6661E4,7.0356E4,6.3013E4,6.6029E4,6.9201E4,1.00,1.31,1.14,1.06,1.08,1.13,1.20,1.07,1.12,1.18,5.884E4,7.6949E4,6.7053E4,6.2233E4,6.3369E4,6.6661E4,7.0356E4,6.3013E4,6.6029E4,6.9201E4,1.00,1.31,1.14,1.06,1.08,1.13,1.20,1.07,1.12,1.18,16,2,1,TMT10plex,12698,Immunoglobulin heavy variable 3-66 OS=Homo sapiens OX=9606 GN=IGHV3-66 PE=3 SV=1
81,85,P01591|IGJ_HUMAN,2.26,57.69,5.9643E4,7.8752E4,8.1031E4,7.7254E4,6.4233E4,5.916E4,6.937E4,6.4373E4,6.1976E4,6.8214E4,1.00,1.32,1.36,1.30,1.08,0.99,1.16,1.08,1.04,1.14,5.9643E4,7.8752E4,8.1031E4,7.7254E4,6.4233E4,5.916E4,6.937E4,6.4373E4,6.1976E4,6.8214E4,1.00,1.32,1.36,1.30,1.08,0.99,1.16,1.08,1.04,1.14,8,1,1,TMT10plex,18099,Immunoglobulin J chain OS=Homo sapiens OX=9606 GN=JCHAIN PE=1 SV=4
75,101,P69905|HBA_HUMAN,8.78,56.86,2.3103E5,2.8662E5,2.6508E5,1.966E5,2.3498E5,2.4846E5,3.8087E5,3.9119E5,3.8282E5,4.238E5,1.00,1.24,1.15,0.85,1.02,1.08,1.65,1.69,1.66,1.83,2.3103E5,2.8662E5,2.6508E5,1.966E5,2.3498E5,2.4846E5,3.8087E5,3.9119E5,3.8282E5,4.238E5,1.00,1.24,1.15,0.85,1.02,1.08,1.65,1.69,1.66,1.83,22,2,2,TMT10plex; Di-Iodination,15258,Hemoglobin subunit alpha OS=Homo sapiens OX=9606 GN=HBA1 PE=1 SV=2
83,81,P01743|HV146_HUMAN,3.50,55.37,5.0756E4,5.9494E4,5.7603E4,5.0877E4,4.9513E4,4.397E4,3.5811E4,3.2006E4,2.38E4,2.3576E4,1.00,1.17,1.13,1.00,0.98,0.87,0.71,0.63,0.47,0.46,5.0756E4,5.9494E4,5.7603E4,5.0877E4,4.9513E4,4.397E4,3.5811E4,3.2006E4,2.38E4,2.3576E4,1.00,1.17,1.13,1.00,0.98,0.87,0.71,0.63,0.47,0.46,9,2,1,Carbamidomethylation; TMT10plex,12933,Immunoglobulin heavy variable 1-46 OS=Homo sapiens OX=9606 GN=IGHV1-46 PE=1 SV=2
83,80,A0A0C4DH29|HV103_HUMAN,3.50,55.37,5.0756E4,5.9494E4,5.7603E4,5.0877E4,4.9513E4,4.397E4,3.5811E4,3.2006E4,2.38E4,2.3576E4,1.00,1.17,1.13,1.00,0.98,0.87,0.71,0.63,0.47,0.46,5.0756E4,5.9494E4,5.7603E4,5.0877E4,4.9513E4,4.397E4,3.5811E4,3.2006E4,2.38E4,2.3576E4,1.00,1.17,1.13,1.00,0.98,0.87,0.71,0.63,0.47,0.46,9,2,1,Carbamidomethylation; TMT10plex,13008,Immunoglobulin heavy variable 1-3 OS=Homo sapiens OX=9606 GN=IGHV1-3 PE=3 SV=1
83,79,P0DP01|HV108_HUMAN,3.50,55.37,5.0756E4,5.9494E4,5.7603E4,5.0877E4,4.9513E4,4.397E4,3.5811E4,3.2006E4,2.38E4,2.3576E4,1.00,1.17,1.13,1.00,0.98,0.87,0.71,0.63,0.47,0.46,5.0756E4,5.9494E4,5.7603E4,5.0877E4,4.9513E4,4.397E4,3.5811E4,3.2006E4,2.38E4,2.3576E4,1.00,1.17,1.13,1.00,0.98,0.87,0.71,0.63,0.47,0.46,9,2,1,Carbamidomethylation; TMT10plex,12992,Immunoglobulin heavy variable 1-8 OS=Homo sapiens OX=9606 GN=IGHV1-8 PE=3 SV=1
74,83,A0A075B6P5|KV228_HUMAN,2.29,53.02,1.7651E5,1.945E5,1.7899E5,1.613E5,1.6141E5,1.6471E5,1.9136E5,2.0641E5,1.8216E5,1.9857E5,1.00,1.10,1.01,0.91,0.91,0.93,1.08,1.17,1.03,1.12,1.7651E5,1.945E5,1.7899E5,1.613E5,1.6141E5,1.6471E5,1.9136E5,2.0641E5,1.8216E5,1.9857E5,1.00,1.10,1.01,0.91,0.91,0.93,1.08,1.17,1.03,1.12,26,2,2,Carbamidomethylation; TMT10plex,12957,Immunoglobulin kappa variable 2-28 OS=Homo sapiens OX=9606 GN=IGKV2-28 PE=3 SV=1
74,82,P01615|KVD28_HUMAN,2.29,53.02,1.7651E5,1.945E5,1.7899E5,1.613E5,1.6141E5,1.6471E5,1.9136E5,2.0641E5,1.8216E5,1.9857E5,1.00,1.10,1.01,0.91,0.91,0.93,1.08,1.17,1.03,1.12,1.7651E5,1.945E5,1.7899E5,1.613E5,1.6141E5,1.6471E5,1.9136E5,2.0641E5,1.8216E5,1.9857E5,1.00,1.10,1.01,0.91,0.91,0.93,1.08,1.17,1.03,1.12,26,2,2,Carbamidomethylation; TMT10plex,12957,Immunoglobulin kappa variable 2D-28 OS=Homo sapiens OX=9606 GN=IGKV2D-28 PE=1 SV=2
62,102,P06312|KV401_HUMAN,1.30,49.95,2.1509E5,2.5671E5,2.5412E5,2.37E5,2.3477E5,2.293E5,2.6504E5,2.6037E5,2.4406E5,2.5996E5,1.00,1.19,1.18,1.10,1.09,1.07,1.23,1.21,1.13,1.21,2.1509E5,2.5671E5,2.5412E5,2.37E5,2.3477E5,2.293E5,2.6504E5,2.6037E5,2.4406E5,2.5996E5,1.00,1.19,1.18,1.10,1.09,1.07,1.23,1.21,1.13,1.21,15,1,1,TMT10plex,13380,Immunoglobulin kappa variable 4-1 OS=Homo sapiens OX=9606 GN=IGKV4-1 PE=1 SV=1
84,103,A0A0C4DH69|KV109_HUMAN,2.93,47.67,1.3951E5,1.7569E5,1.9582E5,1.5207E5,1.6261E5,1.6296E5,1.8255E5,1.4366E5,1.8464E5,2.0736E5,1.00,1.26,1.40,1.09,1.17,1.17,1.31,1.03,1.32,1.49,1.3951E5,1.7569E5,1.9582E5,1.5207E5,1.6261E5,1.6296E5,1.8255E5,1.4366E5,1.8464E5,2.0736E5,1.00,1.26,1.40,1.09,1.17,1.17,1.31,1.03,1.32,1.49,15,1,1,TMT10plex,12715,Immunoglobulin kappa variable 1-9 OS=Homo sapiens OX=9606 GN=IGKV1-9 PE=3 SV=1
85,132,O14791|APOL1_HUMAN,2.12,46.41,1.0446E5,1.2257E5,1.2448E5,1.0311E5,1.095E5,1.0228E5,1.4796E5,1.4549E5,1.4152E5,1.7211E5,1.00,1.17,1.19,0.99,1.05,0.98,1.42,1.39,1.35,1.65,1.0446E5,1.2257E5,1.2448E5,1.0311E5,1.095E5,1.0228E5,1.4796E5,1.4549E5,1.4152E5,1.7211E5,1.00,1.17,1.19,0.99,1.05,0.98,1.42,1.39,1.35,1.65,4,1,1,TMT10plex,43974,Apolipoprotein L1 OS=Homo sapiens OX=9606 GN=APOL1 PE=1 SV=5
89,88,P04196|HRG_HUMAN,4.67,45.83,2.3415E4,3.0912E4,2.9484E4,2.7E4,3.1122E4,2.7832E4,2.5941E4,2.0097E4,1.3128E4,9.2733E3,1.00,1.32,1.26,1.15,1.33,1.19,1.11,0.86,0.56,0.40,2.3415E4,3.0912E4,2.9484E4,2.7E4,3.1122E4,2.7832E4,2.5941E4,2.0097E4,1.3128E4,9.2733E3,1.00,1.32,1.26,1.15,1.33,1.19,1.11,0.86,0.56,0.40,3,1,1,TMT10plex,59578,Histidine-rich glycoprotein OS=Homo sapiens OX=9606 GN=HRG PE=1 SV=1
97,98,P00736|C1R_HUMAN,3.76,43.65,6.2641E3,5.0235E3,4.6947E3,4.9397E3,6.6756E3,7.2968E3,8.2368E3,1.0833E4,9.3249E3,5.7641E3,1.00,0.80,0.75,0.79,1.07,1.16,1.31,1.73,1.49,0.92,6.2641E3,5.0235E3,4.6947E3,4.9397E3,6.6756E3,7.2968E3,8.2368E3,1.0833E4,9.3249E3,5.7641E3,1.00,0.80,0.75,0.79,1.07,1.16,1.31,1.73,1.49,0.92,2,1,1,Carbamidomethylation; TMT10plex,80119,Complement C1r subcomponent OS=Homo sapiens OX=9606 GN=C1R PE=1 SV=2
77,139,P02775|CXCL7_HUMAN,3.16,43.03,1.3957E5,1.6644E5,1.6916E5,1.5256E5,1.529E5,1.5885E5,1.5653E5,2.0439E5,1.3164E5,1.4831E5,1.00,1.19,1.21,1.09,1.10,1.14,1.12,1.46,0.94,1.06,1.3957E5,1.6644E5,1.6916E5,1.5256E5,1.529E5,1.5885E5,1.5653E5,2.0439E5,1.3164E5,1.4831E5,1.00,1.19,1.21,1.09,1.10,1.14,1.12,1.46,0.94,1.06,20,2,2,Carbamidomethylation; TMT10plex; Di-Iodination,13894,Platelet basic protein OS=Homo sapiens OX=9606 GN=PPBP PE=1 SV=3
96,96,A0A0C4DH72|KV106_HUMAN,3.50,42.88,9.477E4,1.0775E5,1.1526E5,1.02E5,8.4843E4,8.2269E4,8.6565E4,8.8198E4,9.7234E4,1.7352E5,1.00,1.14,1.22,1.08,0.90,0.87,0.91,0.93,1.03,1.83,9.477E4,1.0775E5,1.1526E5,1.02E5,8.4843E4,8.2269E4,8.6565E4,8.8198E4,9.7234E4,1.7352E5,1.00,1.14,1.22,1.08,0.90,0.87,0.91,0.93,1.03,1.83,15,1,1,TMT10plex,12697,Immunoglobulin kappa variable 1-6 OS=Homo sapiens OX=9606 GN=IGKV1-6 PE=3 SV=1
70,152,A0A075B6S9|KV137_HUMAN,2.68,41.94,6.1968E4,6.8268E4,7.139E4,6.7294E4,6.5289E4,6.5286E4,6.8447E4,7.3785E4,5.7594E4,9.2637E4,1.00,1.10,1.15,1.09,1.05,1.05,1.10,1.19,0.93,1.49,6.1968E4,6.8268E4,7.139E4,6.7294E4,6.5289E4,6.5286E4,6.8447E4,7.3785E4,5.7594E4,9.2637E4,1.00,1.10,1.15,1.09,1.05,1.05,1.10,1.19,0.93,1.49,15,1,1,TMT10plex,12688,Probable non-functional immunoglobulinn kappa variable 1-37 OS=Homo sapiens OX=9606 GN=IGKV1-37 PE=1 SV=7
70,151,P0DSN7|KVD37_HUMAN,2.68,41.94,6.1968E4,6.8268E4,7.139E4,6.7294E4,6.5289E4,6.5286E4,6.8447E4,7.3785E4,5.7594E4,9.2637E4,1.00,1.10,1.15,1.09,1.05,1.05,1.10,1.19,0.93,1.49,6.1968E4,6.8268E4,7.139E4,6.7294E4,6.5289E4,6.5286E4,6.8447E4,7.3785E4,5.7594E4,9.2637E4,1.00,1.10,1.15,1.09,1.05,1.05,1.10,1.19,0.93,1.49,15,1,1,TMT10plex,12688,Probable non-functional immunoglobulinn kappa variable 1D-37 OS=Homo sapiens OX=9606 GN=IGKV1D-37 PE=1 SV=1
108,121,P02671|FIBA_HUMAN,12.32,40.94,7.6796E3,8.8162E3,7.7376E3,1.3726E4,1.8085E4,2.3796E4,1.8983E4,1.3199E4,1.2409E4,1.6508E4,1.00,1.15,1.01,1.79,2.35,3.10,2.47,1.72,1.62,2.15,7.6796E3,8.8162E3,7.7376E3,1.3726E4,1.8085E4,2.3796E4,1.8983E4,1.3199E4,1.2409E4,1.6508E4,1.00,1.15,1.01,1.79,2.35,3.10,2.47,1.72,1.62,2.15,2,1,1,TMT10plex; Oxidation (M),94973,Fibrinogen alpha chain OS=Homo sapiens OX=9606 GN=FGA PE=1 SV=2
76,131,P15814|IGLL1_HUMAN,12.94,40.54,2.3877E6,3.1953E6,3.2818E6,2.6133E6,2.6411E6,1.6971E6,2.0827E6,1.8488E6,1.076E6,1.4234E6,1.00,1.34,1.37,1.09,1.11,0.71,0.87,0.77,0.45,0.60,2.3877E6,3.1953E6,3.2818E6,2.6133E6,2.6411E6,1.6971E6,2.0827E6,1.8488E6,1.076E6,1.4234E6,1.00,1.34,1.37,1.09,1.11,0.71,0.87,0.77,0.45,0.60,10,2,2,TMT10plex; Oxidation (M); Sulfonic acid on Cysteine,22963,Immunoglobulin lambda-like polypeptide 1 OS=Homo sapiens OX=9606 GN=IGLL1 PE=1 SV=1
98,109,Q03591|FHR1_HUMAN,2.95,36.64,1.6763E4,1.9305E4,2.0842E4,2.4404E4,2.0012E4,2.1643E4,2.066E4,2.4125E4,2.3606E4,1.5984E4,1.00,1.15,1.24,1.46,1.19,1.29,1.23,1.44,1.41,0.95,1.6763E4,1.9305E4,2.0842E4,2.4404E4,2.0012E4,2.1643E4,2.066E4,2.4125E4,2.3606E4,1.5984E4,1.00,1.15,1.24,1.46,1.19,1.29,1.23,1.44,1.41,0.95,6,1,1,Carbamidomethylation; TMT10plex,37651,Complement factor H-related protein 1 OS=Homo sapiens OX=9606 GN=CFHR1 PE=1 SV=2
110,129,O95445|APOM_HUMAN,2.80,32.95,6.0276E4,5.8707E4,5.7777E4,5.2686E4,6.2028E4,4.7951E4,7.5538E4,7.9528E4,6.0295E4,6.6915E4,1.00,0.97,0.96,0.87,1.03,0.80,1.25,1.32,1.00,1.11,6.0276E4,5.8707E4,5.7777E4,5.2686E4,6.2028E4,4.7951E4,7.5538E4,7.9528E4,6.0295E4,6.6915E4,1.00,0.97,0.96,0.87,1.03,0.80,1.25,1.32,1.00,1.11,4,1,1,TMT10plex,21253,Apolipoprotein M OS=Homo sapiens OX=9606 GN=APOM PE=1 SV=2
111,130,P02743|SAMP_HUMAN,1.97,31.86,3.3111E4,3.6207E4,3.4256E4,3.6219E4,3.3939E4,3.5421E4,3.0171E4,2.5046E4,2.2628E4,2.4353E4,1.00,1.09,1.03,1.09,1.03,1.07,0.91,0.76,0.68,0.74,3.3111E4,3.6207E4,3.4256E4,3.6219E4,3.3939E4,3.5421E4,3.0171E4,2.5046E4,2.2628E4,2.4353E4,1.00,1.09,1.03,1.09,1.03,1.07,0.91,0.76,0.68,0.74,7,1,1,TMT10plex; Di-Iodination,25387,Serum amyloid P-component OS=Homo sapiens OX=9606 GN=APCS PE=1 SV=2
80,174,Q86YV5|PRAG1_HUMAN,4.42,29.93,3.2735E4,4.8005E4,4.0894E4,4.2313E4,3.4455E4,5.0013E4,2.925E4,3.9726E4,3.7033E4,3.4541E4,1.00,1.47,1.25,1.29,1.05,1.53,0.89,1.21,1.13,1.06,3.2735E4,4.8005E4,4.0894E4,4.2313E4,3.4455E4,5.0013E4,2.925E4,3.9726E4,3.7033E4,3.4541E4,1.00,1.47,1.25,1.29,1.05,1.53,0.89,1.21,1.13,1.06,1,2,1,Carbamidomethylation; TMT10plex,149623,Inactive tyrosine-protein kinase PRAG1 OS=Homo sapiens OX=9606 GN=PRAG1 PE=1 SV=4
112,136,P35542|SAA4_HUMAN,2.88,27.93,2.9497E4,3.0611E4,2.5153E4,2.1706E4,2.5818E4,3.1012E4,2.683E4,3.1944E4,2.6291E4,2.7605E4,1.00,1.04,0.85,0.74,0.88,1.05,0.91,1.08,0.89,0.94,2.9497E4,3.0611E4,2.5153E4,2.1706E4,2.5818E4,3.1012E4,2.683E4,3.1944E4,2.6291E4,2.7605E4,1.00,1.04,0.85,0.74,0.88,1.05,0.91,1.08,0.89,0.94,6,1,1,TMT10plex; Di-Iodination,14747,Serum amyloid A-4 protein OS=Homo sapiens OX=9606 GN=SAA4 PE=1 SV=2
114,144,P52848|NDST1_HUMAN,3.25,26.96,4.3151E5,3.918E5,3.7225E5,3.3763E5,3.7543E5,3.1344E5,2.72E5,2.0311E5,2.1593E5,2.2151E5,1.00,0.91,0.86,0.78,0.87,0.73,0.63,0.47,0.50,0.51,4.3151E5,3.918E5,3.7225E5,3.3763E5,3.7543E5,3.1344E5,2.72E5,2.0311E5,2.1593E5,2.2151E5,1.00,0.91,0.86,0.78,0.87,0.73,0.63,0.47,0.50,0.51,1,1,1,TMT10plex,100868,Bifunctional heparan sulfate N-deacetylase/N-sulfotransferase 1 OS=Homo sapiens OX=9606 GN=NDST1 PE=1 SV=1
94,455,P13671|CO6_HUMAN,37.21,26.06,0,2.1173E3,2.6912E3,1.6046E3,2.358E3,2.7501E3,3.1915E3,1.9421E3,3.7218E3,0,-,256.00,256.00,256.00,256.00,256.00,256.00,256.00,256.00,-,0,2.1173E3,2.6912E3,1.6046E3,2.358E3,2.7501E3,3.1915E3,1.9421E3,3.7218E3,0,-,256.00,256.00,256.00,256.00,256.00,256.00,256.00,256.00,-,2,1,1,Carbamidomethylation; TMT10plex,104786,Complement component C6 OS=Homo sapiens OX=9606 GN=C6 PE=1 SV=3
115,155,O95782|AP2A1_HUMAN,2.38,22.32,2.4909E4,3.0797E4,2.7318E4,2.6825E4,3.2677E4,3.0757E4,4.1871E4,4.4172E4,3.2058E4,3.0689E4,1.00,1.24,1.10,1.08,1.31,1.23,1.68,1.77,1.29,1.23,2.4909E4,3.0797E4,2.7318E4,2.6825E4,3.2677E4,3.0757E4,4.1871E4,4.4172E4,3.2058E4,3.0689E4,1.00,1.24,1.10,1.08,1.31,1.23,1.68,1.77,1.29,1.23,1,1,1,TMT10plex; Sulphone,107546,AP-2 complex subunit alpha-1 OS=Homo sapiens OX=9606 GN=AP2A1 PE=1 SV=3
100,154,Q6UY14|ATL4_HUMAN,94.82,22.18,1.8046E3,0,3.1009E3,2.452E3,1.3316E3,2.7444E3,2.8851E3,2.6092E3,1.8122E3,0,1.00,0,1.72,1.36,0.74,1.52,1.60,1.45,1.00,0,1.8046E3,0,3.1009E3,2.452E3,1.3316E3,2.7444E3,2.8851E3,2.6092E3,1.8122E3,0,1.00,0,1.72,1.36,0.74,1.52,1.60,1.45,1.00,0,1,1,1,Carbamidomethylation; TMT10plex,116545,ADAMTS-like protein 4 OS=Homo sapiens OX=9606 GN=ADAMTSL4 PE=1 SV=2
101,156,Q9Y222|DMTF1_HUMAN,2.82,21.52,3.8825E4,3.6374E4,3.7458E4,3.2357E4,3.1933E4,3.4467E4,3.2161E4,5.0975E4,2.6649E4,2.9245E4,1.00,0.94,0.96,0.83,0.82,0.89,0.83,1.31,0.69,0.75,3.8825E4,3.6374E4,3.7458E4,3.2357E4,3.1933E4,3.4467E4,3.2161E4,5.0975E4,2.6649E4,2.9245E4,1.00,0.94,0.96,0.83,0.82,0.89,0.83,1.31,0.69,0.75,1,1,1,TMT10plex,84470,Cyclin-D-binding Myb-like transcription factor 1 OS=Homo sapiens OX=9606 GN=DMTF1 PE=1 SV=1
87,157,Q7Z6Z7|HUWE1_HUMAN,6.03,21.42,5.9497E4,9.6475E4,1.0086E5,7.6244E4,5.2042E4,5.084E4,4.1274E4,7.3178E4,3.23E4,4.3719E4,1.00,1.62,1.70,1.28,0.87,0.85,0.69,1.23,0.54,0.73,5.9497E4,9.6475E4,1.0086E5,7.6244E4,5.2042E4,5.084E4,4.1274E4,7.3178E4,3.23E4,4.3719E4,1.00,1.62,1.70,1.28,0.87,0.85,0.69,1.23,0.54,0.73,0,1,1,TMT10plex; Oxidation (M); Iodination; Sulphone,481896,E3 ubiquitin-protein ligase HUWE1 OS=Homo sapiens OX=9606 GN=HUWE1 PE=1 SV=3
116,158,A0A0B4J1U7|HV601_HUMAN,3.50,21.31,1.2171E5,1.6085E5,1.5631E5,1.3792E5,1.5872E5,1.4022E5,1.718E5,2.7181E5,1.6113E5,1.6095E5,1.00,1.32,1.28,1.13,1.30,1.15,1.41,2.23,1.32,1.32,1.2171E5,1.6085E5,1.5631E5,1.3792E5,1.5872E5,1.4022E5,1.718E5,2.7181E5,1.6113E5,1.6095E5,1.00,1.32,1.28,1.13,1.30,1.15,1.41,2.23,1.32,1.32,6,1,1,TMT10plex,13481,Immunoglobulin heavy variable 6-1 OS=Homo sapiens OX=9606 GN=IGHV6-1 PE=3 SV=1
90,159,P02649|APOE_HUMAN,3.12,21.17,8.4927E4,1.243E5,1.0324E5,9.721E4,9.0071E4,9.0607E4,1.0029E5,1.1391E5,7.8369E4,9.7109E4,1.00,1.46,1.22,1.14,1.06,1.07,1.18,1.34,0.92,1.14,8.4927E4,1.243E5,1.0324E5,9.721E4,9.0071E4,9.0607E4,1.0029E5,1.1391E5,7.8369E4,9.7109E4,1.00,1.46,1.22,1.14,1.06,1.07,1.18,1.34,0.92,1.14,5,1,1,TMT10plex,36154,Apolipoprotein E OS=Homo sapiens OX=9606 GN=APOE PE=1 SV=1
118,231,Q9NZ71|RTEL1_HUMAN,14.00,20.47,1.0476E4,6.9634E3,8.5653E3,1.2344E4,1.0456E4,2.4276E4,1.0567E4,4.3695E4,9.9644E3,1.0786E4,1.00,0.66,0.82,1.18,1.00,2.32,1.01,4.17,0.95,1.03,1.0476E4,6.9634E3,8.5653E3,1.2344E4,1.0456E4,2.4276E4,1.0567E4,4.3695E4,9.9644E3,1.0786E4,1.00,0.66,0.82,1.18,1.00,2.32,1.01,4.17,0.95,1.03,1,1,1,TMT10plex; Sulfonic acid on Cysteine,133683,Regulator of telomere elongation helicase 1 OS=Homo sapiens OX=9606 GN=RTEL1 PE=1 SV=2
120,246,Q8WWQ0|PHIP_HUMAN,3.37,19.56,9.1341E4,1.2432E5,1.0365E5,8.4127E4,8.5646E4,8.2782E4,1.0186E5,1.1897E5,1.0014E5,1.1198E5,1.00,1.36,1.13,0.92,0.94,0.91,1.12,1.30,1.10,1.23,9.1341E4,1.2432E5,1.0365E5,8.4127E4,8.5646E4,8.2782E4,1.0186E5,1.1897E5,1.0014E5,1.1198E5,1.00,1.36,1.13,0.92,0.94,0.91,1.12,1.30,1.10,1.23,0,1,1,TMT10plex,206688,PH-interacting protein OS=Homo sapiens OX=9606 GN=PHIP PE=1 SV=2
92,168,Q9NYQ7|CELR3_HUMAN,1.13,19.35,2.3433E5,2.4266E5,2.2185E5,2.2909E5,2.62E5,2.5581E5,2.6E5,2.4839E5,2.2184E5,2.3566E5,1.00,1.04,0.95,0.98,1.12,1.09,1.11,1.06,0.95,1.01,2.3433E5,2.4266E5,2.2185E5,2.2909E5,2.62E5,2.5581E5,2.6E5,2.4839E5,2.2184E5,2.3566E5,1.00,1.04,0.95,0.98,1.12,1.09,1.11,1.06,0.95,1.01,0,1,1,TMT10plex,358186,Cadherin EGF LAG seven-pass G-type receptor 3 OS=Homo sapiens OX=9606 GN=CELSR3 PE=1 SV=2
121,263,O75691|UTP20_HUMAN,3.17,18.89,1.1951E5,1.2174E5,1.3015E5,1.25E5,1.9039E5,1.7593E5,2.2258E5,2.3764E5,2.3062E5,2.3912E5,1.00,1.02,1.09,1.05,1.59,1.47,1.86,1.99,1.93,2.00,1.1951E5,1.2174E5,1.3015E5,1.25E5,1.9039E5,1.7593E5,2.2258E5,2.3764E5,2.3062E5,2.3912E5,1.00,1.02,1.09,1.05,1.59,1.47,1.86,1.99,1.93,2.00,0,1,1,TMT10plex,318385,Small subunit processome component 20 homolog OS=Homo sapiens OX=9606 GN=UTP20 PE=1 SV=3
123,271,Q8TD55|PKHO2_HUMAN,4.12,18.42,5.7594E3,5.5084E3,6.6026E3,4.7045E3,4.825E3,6.8974E3,6.535E3,7.3417E3,3.8122E3,3.9635E3,1.00,0.96,1.15,0.82,0.84,1.20,1.13,1.27,0.66,0.69,5.7594E3,5.5084E3,6.6026E3,4.7045E3,4.825E3,6.8974E3,6.535E3,7.3417E3,3.8122E3,3.9635E3,1.00,0.96,1.15,0.82,0.84,1.20,1.13,1.27,0.66,0.69,3,1,1,TMT10plex; Sulfonic acid on Cysteine,53350,Pleckstrin homology domain-containing family O member 2 OS=Homo sapiens OX=9606 GN=PLEKHO2 PE=1 SV=1
